﻿Designator,Footprint,Quantity,Value,LCSC Part #
3V3_REG1,SOT-223-3_TabPin2,1,TLV76133DCY,
5V_REG1,SOT-223-3_TabPin2,1,TLV76150DCY,
"C1, C4",0805,2,2.2u,
"C10, C8, C9",0805,3,100n,
"C2, C3, C5",0805,3,1u,
C6,0805,1,0.1u,
C7,0805,1,22u,
D1,0805,1,LED,
D2,SOT-23,1,NUP2105L,
"D3, D4, D5",D_SOD-123,3,D_Schottky,
J1,JST_XH_S3B-XH-A_1x03_P2.50mm_Horizontal,1,CO2_Conn,
J2,AMASS_XT30PW-M_1x02_P2.50mm_Horizontal,1,BATTERY,
J3,USB_C_Receptacle_Amphenol_12401610E4-2A,1,USB_C_Receptacle_USB2.0_14P,
J4,JST_EH_S2B-EH_1x02_P2.50mm_Horizontal,1,CAN_BUS_out,
J5,JST_EH_S2B-EH_1x02_P2.50mm_Horizontal,1,Conn_01x02_Pin,
J6,JST_EH_S2B-EH_1x02_P2.50mm_Horizontal,1,CAN_BUS_in,
"R1, R2, R3, R4",0805,4,10k,
R10,0805,1,1M,
R7,0805,1,40,
"R8, R9",0805,2,5.11k,
SW1,SW_PUSH_6mm,1,RESET,
SW2,SW_PUSH_6mm,1,BOOT,
U1,Texas_PWSON-N6,1,HDC1080,
U2,SOIC-14_3.9x8.7mm_P1.27mm,1,TCAN1043xDxQ1,
U3,ESP32-S3-WROOM-1,1,ESP32-S3-WROOM-1,
U6,D_SOD-523,1,TPD1E05U06DYA,
U7,Texas_DRT-3,1,TPD2EUSB30A,
